{
  "format_version": "1.16.100",
  "safe_craft:steel_ore": {
    "textures": {
      "up": "safe_craft_steel_ore_up",
      "down": "safe_craft_steel_ore_down",
      "south": "safe_craft_steel_ore_south",
      "north": "safe_craft_steel_ore_north",
      "west": "safe_craft_steel_ore_west",
      "east": "safe_craft_steel_ore_east"
    },
    "sound": "stone"
  },
  "safe_craft:steel_block": {
    "textures": {
      "up": "safe_craft_steel_block_up",
      "down": "safe_craft_steel_block_down",
      "south": "safe_craft_steel_block_south",
      "north": "safe_craft_steel_block_north",
      "west": "safe_craft_steel_block_west",
      "east": "safe_craft_steel_block_east"
    },
    "sound": "metal"
  },
  "safe_craft:compressed_steel_block": {
    "textures": {
      "up": "safe_craft_compressed_steel_block_up",
      "down": "safe_craft_compressed_steel_block_down",
      "south": "safe_craft_compressed_steel_block_south",
      "north": "safe_craft_compressed_steel_block_north",
      "west": "safe_craft_compressed_steel_block_west",
      "east": "safe_craft_compressed_steel_block_east"
    },
    "sound": "metal"
  },
  "safe_craft:uranium_ore": {
    "textures": {
      "up": "safe_craft_uranium_ore_up",
      "down": "safe_craft_uranium_ore_down",
      "south": "safe_craft_uranium_ore_south",
      "north": "safe_craft_uranium_ore_north",
      "west": "safe_craft_uranium_ore_west",
      "east": "safe_craft_uranium_ore_east"
    },
    "sound": "stone"
  },
  "safe_craft:uranium_block": {
    "textures": {
      "up": "safe_craft_uranium_block_up",
      "down": "safe_craft_uranium_block_down",
      "south": "safe_craft_uranium_block_south",
      "north": "safe_craft_uranium_block_north",
      "west": "safe_craft_uranium_block_west",
      "east": "safe_craft_uranium_block_east"
    },
    "sound": "metal"
  },
  "safe_craft:depleteduranium": {
    "textures": {
      "up": "safe_craft_depleteduranium_up",
      "down": "safe_craft_depleteduranium_down",
      "south": "safe_craft_depleteduranium_south",
      "north": "safe_craft_depleteduranium_north",
      "west": "safe_craft_depleteduranium_west",
      "east": "safe_craft_depleteduranium_east"
    },
    "sound": "metal"
  },
  "safe_craft:anti_explosive_glass": {
    "textures": {
      "up": "safe_craft_anti_explosive_glass_up",
      "down": "safe_craft_anti_explosive_glass_down",
      "south": "safe_craft_anti_explosive_glass_south",
      "north": "safe_craft_anti_explosive_glass_north",
      "west": "safe_craft_anti_explosive_glass_west",
      "east": "safe_craft_anti_explosive_glass_east"
    },
    "sound": "glass"
  },
  "safe_craft:ferroconcrete": {
    "textures": {
      "up": "safe_craft_ferroconcrete_up",
      "down": "safe_craft_ferroconcrete_down",
      "south": "safe_craft_ferroconcrete_south",
      "north": "safe_craft_ferroconcrete_north",
      "west": "safe_craft_ferroconcrete_west",
      "east": "safe_craft_ferroconcrete_east"
    },
    "sound": "stone"
  },
  "safe_craft:the_ultimate_material": {
    "textures": {
      "up": "safe_craft_the_ultimate_material_up",
      "down": "safe_craft_the_ultimate_material_down",
      "south": "safe_craft_the_ultimate_material_south",
      "north": "safe_craft_the_ultimate_material_north",
      "west": "safe_craft_the_ultimate_material_west",
      "east": "safe_craft_the_ultimate_material_east"
    },
    "sound": "stone"
  }
}