{
  "format_version": "1.12",
  "minecraft:recipe_shaped": {
    "description": {
      "identifier": "zhiyin:lll"
    },
    "groups": [
      "zhiyin"
    ],
    "tags": [
      "crafting_table"
    ],
    "pattern": [
      " 1 ",
      "345",
      " 7 "
    ],
    "key": {
      "1": {
        "item": "minecraft:egg"
      },
      "3": {
        "item": "minecraft:egg"
      },
      "4": {
        "item": "minecraft:writable_book"
      },
      "5": {
        "item": "minecraft:egg"
      },
      "7": {
        "item": "minecraft:egg"
      }
    },
    "result": {
      "item": "zhiyin:lawyer_letter",
      "count": 1
    }
  }
}