{
  "format_version": "1.12",
  "minecraft:recipe_shaped": {
    "description": {
      "identifier": "zhiyin:ooc"
    },
    "groups": [
      "zhiyin"
    ],
    "tags": [
      "crafting_table"
    ],
    "pattern": [
      "012",
      "345",
      "678"
    ],
    "key": {
      "0": {
        "item": "minecraft:egg"
      },
      "1": {
        "item": "minecraft:egg"
      },
      "2": {
        "item": "minecraft:egg"
      },
      "3": {
        "item": "minecraft:wheat"
      },
      "4": {
        "item": "minecraft:wheat"
      },
      "5": {
        "item": "minecraft:wheat"
      },
      "6": {
        "item": "minecraft:porkchop"
      },
      "7": {
        "item": "minecraft:beef"
      },
      "8": {
        "item": "minecraft:chicken"
      }
    },
    "result": {
      "item": "zhiyin:oil_cake",
      "count": 1
    }
  }
}