{
  "format_version": "1.13.0",
  "minecraft:entity": {
    "description": {
      "identifier": "zhiyin:caixukun",
      "is_spawnable": true,
      "is_summonable": true,
      "is_experimental": false
    },
    "component_groups": {
      "zhiyin:caixukun": {}
    },
    "components": {
      "minecraft:nameable": {},
      "minecraft:type_family": {
        "family": [
          "zhiyin:caixukun",
          "caixukun",
          "mob",
          "monster"
        ]
      },
      "minecraft:experience_reward": {
        "on_death": "query.last_hit_by_player ? 32767 : 0"
      },
      "minecraft:loot": {
        "table": "loot_tables/entities/zhiyin_caixukun.json"
      },
      "minecraft:breathable": {
        "totalSupply": 15,
        "suffocateTime": 0
      },
      "minecraft:burns_in_daylight": {},
      "minecraft:collision_box": {
        "width": 0.6,
        "height": 1.8
      },
      "minecraft:health": {
        "value": 20,
        "max": 20
      },
      "minecraft:attack": {
        "damage": 100
      },
      "minecraft:movement": {
        "value": 3
      },
      "minecraft:navigation.walk": {
        "can_path_over_water": true
      },
      "minecraft:jump.static": {},
      "minecraft:physics": {},
      "minecraft:hurt_on_condition": {
        "damage_conditions": [
          {
            "filters": {
              "test": "in_lava",
              "subject": "self",
              "operator": "==",
              "value": true
            },
            "cause": "lava",
            "damage_per_tick": 4
          }
        ]
      },
      "minecraft:pushable": {
        "is_pushable": true,
        "is_pushable_by_piston": true
      },
      "minecraft:follow_range": {
        "value": 80
      }
    },
    "events": {}
  }
}