{
  "format_version": "1.12",
  "minecraft:item": {
    "description": {
      "identifier": "zhiyin:oil_cake",
      "register_to_creative_menu": true,
      "is_experimental": false
    },
    "components": {
      "minecraft:foil": true,
      "minecraft:max_stack_size": 64,
      "minecraft:max_damage": 0,
      "minecraft:use_duration": 32,
      "minecraft:food": {
        "nutrition": -100,
        "nutritionalValue": "poor",
        "saturation_modifier": "low",
        "can_always_eat": true,
        "is_meat": true
      },
      "minecraft:creative_category": "Items"
    }
  }
}