{
  "resource_pack_name": "vanilla",
  "texture_name": "atlas.items",
  "texture_data": {
    "steel_tools_sword": {
      "textures": "textures/items/steel_tools_sword"
    },
    "steel_ingot": {
      "textures": "textures/items/steel_ingot"
    },
    "depleted_uranium_ingot": {
      "textures": "textures/items/a"
    },
    "depleted_uranium_tools_pickaxe": {
      "textures": "textures/items/depleted_uranium_tools_pickaxe"
    },
    "depleted_uranium_tools_axe": {
      "textures": "textures/items/depleted_uranium_tools_axe"
    },
    "steel_tools_shovel": {
      "textures": "textures/items/steel_tools_shovel"
    },
    "steel_tools_pickaxe": {
      "textures": "textures/items/steel_tools_pickaxe"
    },
    "depleted_uranium_tools_shovel": {
      "textures": "textures/items/depleted_uranium_tools_shovel"
    },
    "steel_tools_axe": {
      "textures": "textures/items/steel_tools_axe"
    },
    "uranium_ingot": {
      "textures": "textures/items/uranium_ingot"
    },
    "depleted_uranium_tools_sword": {
      "textures": "textures/items/depleted_uranium_tools_sword"
    },
    "depleted_uranium_tools_hoe": {
      "textures": "textures/items/depleted_uranium_tools_hoe"
    },
    "steel_tools_hoe": {
      "textures": "textures/items/steel_tools_hoe"
    }
  }
}