{
  "resource_pack_name": "vanilla",
  "texture_name": "atlas.terrain",
  "padding": 8,
  "num_mip_levels": 0,
  "texture_data": {
    "safe_craft_steel_ore_up": {
      "textures": [
        "textures/blocks/steel_ore"
      ]
    },
    "safe_craft_steel_ore_down": {
      "textures": [
        "textures/blocks/steel_ore"
      ]
    },
    "safe_craft_steel_ore_south": {
      "textures": [
        "textures/blocks/steel_ore"
      ]
    },
    "safe_craft_steel_ore_north": {
      "textures": [
        "textures/blocks/steel_ore"
      ]
    },
    "safe_craft_steel_ore_west": {
      "textures": [
        "textures/blocks/steel_ore"
      ]
    },
    "safe_craft_steel_ore_east": {
      "textures": [
        "textures/blocks/steel_ore"
      ]
    },
    "safe_craft_steel_block_up": {
      "textures": [
        "textures/blocks/steel_ore_block"
      ]
    },
    "safe_craft_steel_block_down": {
      "textures": [
        "textures/blocks/steel_ore_block"
      ]
    },
    "safe_craft_steel_block_south": {
      "textures": [
        "textures/blocks/steel_ore_block"
      ]
    },
    "safe_craft_steel_block_north": {
      "textures": [
        "textures/blocks/steel_ore_block"
      ]
    },
    "safe_craft_steel_block_west": {
      "textures": [
        "textures/blocks/steel_ore_block"
      ]
    },
    "safe_craft_steel_block_east": {
      "textures": [
        "textures/blocks/steel_ore_block"
      ]
    },
    "safe_craft_compressed_steel_block_up": {
      "textures": [
        "textures/blocks/steel"
      ]
    },
    "safe_craft_compressed_steel_block_down": {
      "textures": [
        "textures/blocks/steel"
      ]
    },
    "safe_craft_compressed_steel_block_south": {
      "textures": [
        "textures/blocks/steel"
      ]
    },
    "safe_craft_compressed_steel_block_north": {
      "textures": [
        "textures/blocks/steel"
      ]
    },
    "safe_craft_compressed_steel_block_west": {
      "textures": [
        "textures/blocks/steel"
      ]
    },
    "safe_craft_compressed_steel_block_east": {
      "textures": [
        "textures/blocks/steel"
      ]
    },
    "safe_craft_uranium_ore_up": {
      "textures": [
        "textures/blocks/uranium_ore"
      ]
    },
    "safe_craft_uranium_ore_down": {
      "textures": [
        "textures/blocks/uranium_ore"
      ]
    },
    "safe_craft_uranium_ore_south": {
      "textures": [
        "textures/blocks/uranium_ore"
      ]
    },
    "safe_craft_uranium_ore_north": {
      "textures": [
        "textures/blocks/uranium_ore"
      ]
    },
    "safe_craft_uranium_ore_west": {
      "textures": [
        "textures/blocks/uranium_ore"
      ]
    },
    "safe_craft_uranium_ore_east": {
      "textures": [
        "textures/blocks/uranium_ore"
      ]
    },
    "safe_craft_uranium_block_up": {
      "textures": [
        "textures/blocks/uranium_ore_block"
      ]
    },
    "safe_craft_uranium_block_down": {
      "textures": [
        "textures/blocks/uranium_ore_block"
      ]
    },
    "safe_craft_uranium_block_south": {
      "textures": [
        "textures/blocks/uranium_ore_block"
      ]
    },
    "safe_craft_uranium_block_north": {
      "textures": [
        "textures/blocks/uranium_ore_block"
      ]
    },
    "safe_craft_uranium_block_west": {
      "textures": [
        "textures/blocks/uranium_ore_block"
      ]
    },
    "safe_craft_uranium_block_east": {
      "textures": [
        "textures/blocks/uranium_ore_block"
      ]
    },
    "safe_craft_depleteduranium_up": {
      "textures": [
        "textures/blocks/depleted_uranium"
      ]
    },
    "safe_craft_depleteduranium_down": {
      "textures": [
        "textures/blocks/depleted_uranium"
      ]
    },
    "safe_craft_depleteduranium_south": {
      "textures": [
        "textures/blocks/depleted_uranium"
      ]
    },
    "safe_craft_depleteduranium_north": {
      "textures": [
        "textures/blocks/depleted_uranium"
      ]
    },
    "safe_craft_depleteduranium_west": {
      "textures": [
        "textures/blocks/depleted_uranium"
      ]
    },
    "safe_craft_depleteduranium_east": {
      "textures": [
        "textures/blocks/depleted_uranium"
      ]
    },
    "safe_craft_anti_explosive_glass_up": {
      "textures": [
        "textures/blocks/superglasses"
      ]
    },
    "safe_craft_anti_explosive_glass_down": {
      "textures": [
        "textures/blocks/superglasses"
      ]
    },
    "safe_craft_anti_explosive_glass_south": {
      "textures": [
        "textures/blocks/superglasses"
      ]
    },
    "safe_craft_anti_explosive_glass_north": {
      "textures": [
        "textures/blocks/superglasses"
      ]
    },
    "safe_craft_anti_explosive_glass_west": {
      "textures": [
        "textures/blocks/superglasses"
      ]
    },
    "safe_craft_anti_explosive_glass_east": {
      "textures": [
        "textures/blocks/superglasses"
      ]
    },
    "safe_craft_ferroconcrete_up": {
      "textures": [
        "textures/blocks/ferroconcrete"
      ]
    },
    "safe_craft_ferroconcrete_down": {
      "textures": [
        "textures/blocks/ferroconcrete"
      ]
    },
    "safe_craft_ferroconcrete_south": {
      "textures": [
        "textures/blocks/ferroconcrete"
      ]
    },
    "safe_craft_ferroconcrete_north": {
      "textures": [
        "textures/blocks/ferroconcrete"
      ]
    },
    "safe_craft_ferroconcrete_west": {
      "textures": [
        "textures/blocks/ferroconcrete"
      ]
    },
    "safe_craft_ferroconcrete_east": {
      "textures": [
        "textures/blocks/ferroconcrete"
      ]
    },
    "safe_craft_the_ultimate_material_up": {
      "textures": [
        "textures/blocks/a"
      ]
    },
    "safe_craft_the_ultimate_material_down": {
      "textures": [
        "textures/blocks/a"
      ]
    },
    "safe_craft_the_ultimate_material_south": {
      "textures": [
        "textures/blocks/a"
      ]
    },
    "safe_craft_the_ultimate_material_north": {
      "textures": [
        "textures/blocks/a"
      ]
    },
    "safe_craft_the_ultimate_material_west": {
      "textures": [
        "textures/blocks/a"
      ]
    },
    "safe_craft_the_ultimate_material_east": {
      "textures": [
        "textures/blocks/a"
      ]
    },
    "safe_craft_way_point_up": {
      "textures": [
        "textures/blocks/a"
      ]
    },
    "safe_craft_way_point_down": {
      "textures": [
        "textures/blocks/a"
      ]
    },
    "safe_craft_way_point_south": {
      "textures": [
        "textures/blocks/a"
      ]
    },
    "safe_craft_way_point_north": {
      "textures": [
        "textures/blocks/a"
      ]
    },
    "safe_craft_way_point_west": {
      "textures": [
        "textures/blocks/a"
      ]
    },
    "safe_craft_way_point_east": {
      "textures": [
        "textures/blocks/a"
      ]
    }
  }
}