{
  "format_version": "1.17.3",
  "minecraft:block": {
    "description": {
      "identifier": "safe_craft:steel_ore",
      "is_experimental": false,
      "register_to_creative_menu ": true
    },
    "components": {
      "minecraft:loot": "loot_tables/blocks/safe_craft_steel_ore.json",
      "minecraft:block_light_emission": 0,
      "minecraft:destroy_time": 6,
      "minecraft:explosion_resistance": 8.705505632961241,
      "minecraft:friction": 0.6,
      "minecraft:flammable": {
        "flame_odds": 0,
        "burn_odds": 0
      }
    }
  }
}