{
  "resource_pack_name": "vanilla",
  "texture_name": "atlas.terrain",
  "padding": 8,
  "num_mip_levels": 0,
  "texture_data": {
    "zhiyin_compressed_basketball_up": {
      "textures": [
        "textures/blocks/bs"
      ]
    },
    "zhiyin_compressed_basketball_down": {
      "textures": [
        "textures/blocks/bs"
      ]
    },
    "zhiyin_compressed_basketball_south": {
      "textures": [
        "textures/blocks/bs"
      ]
    },
    "zhiyin_compressed_basketball_north": {
      "textures": [
        "textures/blocks/bs"
      ]
    },
    "zhiyin_compressed_basketball_west": {
      "textures": [
        "textures/blocks/bs"
      ]
    },
    "zhiyin_compressed_basketball_east": {
      "textures": [
        "textures/blocks/bs"
      ]
    }
  }
}