{
  "_fv": 39,
  "_type": "recipe",
  "definition": {
    "recipeType": "Crafting",
    "xpReward": 0.0,
    "cookingTime": 200,
    "recipeRetstackSize": 1,
    "group": "",
    "recipeShapeless": false,
    "recipeSlots": [
      {
        "value": "Blocks.BEDROCK"
      },
      {
        "value": "CUSTOM:CompressedSteelBlock"
      },
      {
        "value": "Blocks.BEDROCK"
      },
      {
        "value": "CUSTOM:Depleteduranium"
      },
      {
        "value": "CUSTOM:DepletedUraniumIngot"
      },
      {
        "value": "CUSTOM:AntiExplosiveGlass"
      },
      {
        "value": "Blocks.BEDROCK"
      },
      {
        "value": "CUSTOM:Ferroconcrete"
      },
      {
        "value": "Blocks.BEDROCK"
      }
    ],
    "recipeReturnStack": {
      "value": "CUSTOM:TheUltimateMaterial"
    },
    "name": "aaaaa",
    "namespace": "mod"
  }
}