{
  "_fv": 39,
  "_type": "tool",
  "definition": {
    "renderType": 0,
    "texture": "depleted_uranium_tools_shovel",
    "customModelName": "Normal",
    "name": "Depleted_Uranium_Tools Shovel",
    "specialInfo": [],
    "creativeTab": {
      "value": ""
    },
    "toolType": "Spade",
    "harvestLevel": 2,
    "efficiency": 6.0,
    "attackSpeed": 1.0,
    "enchantability": 14,
    "damageVsEntity": 10.0,
    "usageCount": 9999,
    "blocksAffected": [],
    "hasGlow": false,
    "repairItems": [
      {
        "value": "CUSTOM:DepletedUraniumIngot"
      }
    ],
    "immuneToFire": false,
    "stayInGridWhenCrafting": false,
    "damageOnCrafting": false
  }
}