{
  "_fv": 39,
  "_type": "recipe",
  "definition": {
    "recipeType": "Crafting",
    "xpReward": 0.0,
    "cookingTime": 200,
    "recipeRetstackSize": 8,
    "group": "",
    "recipeShapeless": false,
    "recipeSlots": [
      {
        "value": "CUSTOM:CompressedSteelBlock"
      },
      {
        "value": "CUSTOM:CompressedSteelBlock"
      },
      {
        "value": "CUSTOM:CompressedSteelBlock"
      },
      {
        "value": "CUSTOM:CompressedSteelBlock"
      },
      {
        "value": "CUSTOM:UraniumIngot"
      },
      {
        "value": "CUSTOM:CompressedSteelBlock"
      },
      {
        "value": "CUSTOM:CompressedSteelBlock"
      },
      {
        "value": "CUSTOM:CompressedSteelBlock"
      },
      {
        "value": "CUSTOM:CompressedSteelBlock"
      }
    ],
    "recipeReturnStack": {
      "value": "CUSTOM:Depleteduranium"
    },
    "name": "depleteduraniummake",
    "namespace": "mod"
  }
}