{
  "_fv": 39,
  "_type": "recipe",
  "definition": {
    "recipeType": "Smelting",
    "xpReward": 2.0999999999999996,
    "cookingTime": 200,
    "recipeRetstackSize": 1,
    "group": "",
    "recipeShapeless": false,
    "recipeSlots": [
      {
        "value": ""
      },
      {
        "value": ""
      },
      {
        "value": ""
      },
      {
        "value": ""
      },
      {
        "value": ""
      },
      {
        "value": ""
      },
      {
        "value": ""
      },
      {
        "value": ""
      },
      {
        "value": ""
      }
    ],
    "recipeReturnStack": {
      "value": ""
    },
    "smeltingInputStack": {
      "value": "CUSTOM:UraniumOre"
    },
    "smeltingReturnStack": {
      "value": "CUSTOM:UraniumIngot"
    },
    "name": "uranium_ore_smelting",
    "namespace": "mod"
  }
}