{
  "format_version": "1.12",
  "minecraft:recipe_shaped": {
    "description": {
      "identifier": "safe_craft:depleted_uranium_tools_axe_recipe"
    },
    "groups": [
      "safe_craft"
    ],
    "tags": [
      "crafting_table"
    ],
    "pattern": [
      "01",
      "23",
      " 5"
    ],
    "key": {
      "0": {
        "item": "safe_craft:depleted_uranium_ingot"
      },
      "1": {
        "item": "safe_craft:depleted_uranium_ingot"
      },
      "2": {
        "item": "safe_craft:depleted_uranium_ingot"
      },
      "3": {
        "item": "minecraft:stick"
      },
      "5": {
        "item": "minecraft:stick"
      }
    },
    "result": {
      "item": "safe_craft:depleted_uranium_tools_axe",
      "count": 1
    }
  }
}