{
  "format_version": "1.12",
  "minecraft:recipe_shaped": {
    "description": {
      "identifier": "safe_craft:steel_tools_pickaxe_recipe"
    },
    "groups": [
      "safe_craft"
    ],
    "tags": [
      "crafting_table"
    ],
    "pattern": [
      "012",
      " 4 ",
      " 7 "
    ],
    "key": {
      "0": {
        "item": "safe_craft:steel_ingot"
      },
      "1": {
        "item": "safe_craft:steel_ingot"
      },
      "2": {
        "item": "safe_craft:steel_ingot"
      },
      "4": {
        "item": "minecraft:stick"
      },
      "7": {
        "item": "minecraft:stick"
      }
    },
    "result": {
      "item": "safe_craft:steel_tools_pickaxe",
      "count": 1
    }
  }
}