{
  "format_version": "1.12",
  "minecraft:recipe_shaped": {
    "description": {
      "identifier": "safe_craft:steel_tools_sword_recipe"
    },
    "groups": [
      "safe_craft"
    ],
    "tags": [
      "crafting_table"
    ],
    "pattern": [
      "0",
      "1",
      "2"
    ],
    "key": {
      "0": {
        "item": "safe_craft:steel_ingot"
      },
      "1": {
        "item": "safe_craft:steel_ingot"
      },
      "2": {
        "item": "minecraft:stick"
      }
    },
    "result": {
      "item": "safe_craft:steel_tools_sword",
      "count": 1
    }
  }
}