{
  "format_version": "1.13.0",
  "minecraft:biome": {
    "description": {
      "identifier": "cxk"
    },
    "components": {
      "minecraft:climate": {
        "downfall": 0.30000000000000004,
        "snow_accumulation": [
          0.0,
          0.25
        ],
        "temperature": 0.7000000000000001
      },
      "minecraft:overworld_height": {
        "noise_type": "lowlands"
      },
      "minecraft:surface_parameters": {
        "sea_floor_depth": 7,
        "sea_floor_material": "zhiyin:compressed_basketball",
        "top_material": "zhiyin:compressed_basketball",
        "mid_material": "zhiyin:compressed_basketball",
        "foundation_material": "minecraft:stone",
        "sea_material": "minecraft:water"
      },
      "minecraft:overworld_generation_rules": {
        "generate_for_climates": [
          [
            "medium",
            1
          ]
        ],
        "hills_transformation": [
          [
            "forest",
            1
          ]
        ]
      },
      "animal": {},
      "monster": {},
      "overworld": {},
      "cxk": {}
    }
  }
}