{
  "_fv": 39,
  "_type": "recipe",
  "definition": {
    "recipeType": "Crafting",
    "xpReward": 0.0,
    "cookingTime": 200,
    "recipeRetstackSize": 1,
    "group": "",
    "recipeShapeless": false,
    "recipeSlots": [
      {
        "value": "Items.EGG"
      },
      {
        "value": "Items.EGG"
      },
      {
        "value": "Items.EGG"
      },
      {
        "value": "Items.WHEAT"
      },
      {
        "value": "Items.WHEAT"
      },
      {
        "value": "Items.WHEAT"
      },
      {
        "value": "Items.PORKCHOP"
      },
      {
        "value": "Items.BEEF"
      },
      {
        "value": "Items.CHICKEN"
      }
    ],
    "recipeReturnStack": {
      "value": "CUSTOM:OilCake"
    },
    "name": "ooc",
    "namespace": "mod"
  }
}