{
  "_fv": 39,
  "_type": "tool",
  "definition": {
    "renderType": 0,
    "texture": "298141",
    "customModelName": "Normal",
    "name": "Super Basketball",
    "specialInfo": [],
    "creativeTab": {
      "value": ""
    },
    "toolType": "Pickaxe",
    "harvestLevel": 1,
    "efficiency": 4.0,
    "attackSpeed": 1.0,
    "enchantability": 2,
    "damageVsEntity": 32767.0,
    "usageCount": 32767,
    "blocksAffected": [],
    "hasGlow": true,
    "repairItems": [],
    "immuneToFire": false,
    "stayInGridWhenCrafting": false,
    "damageOnCrafting": false
  }
}